split,operational_exposure_id,interval_end_measurement_id,next_interval_end_measurement_id,next_interval_dia_delta_mm,next_interval_root_delta_mm,home_shed,turning_indicator_raw,next_interval_turning_flag,wheelset_equipment_id,locomotive_number,LocoType,end_dia1,end_dia2,next_dia1,next_dia2
train,OE-8019-8229,8229,46275,1073.0,0.0,,0,0,30913,30252,WAP7,0.0,0.0,1073.0,1073.0
train,OE-1247-1481,1481,2280,1080.0,1.5,,0,0,30924,30280,WAP7,0.0,0.0,1080.0,1082.0
train,OE-1249-1482,1482,2280,1080.0,1.5,,0,0,30926,30280,WAP7,0.0,0.0,1080.0,1082.0
train,OE-1250-1483,1483,2280,1080.0,1.5,,0,0,30927,30280,WAP7,0.0,0.0,1080.0,1082.0
train,OE-1251-1484,1484,2280,1080.0,1.5,,0,0,30928,30280,WAP7,0.0,0.0,1080.0,1082.0
train,OE-1424-1499,1499,2280,1080.0,1.5,,0,0,31016,30291,WAP7,0.0,0.0,1080.0,1082.0
train,OE-8015-8220,8220,46275,1073.0,0.0,,0,0,31046,30252,WAP7,0.0,0.0,1073.0,1073.0
train,OE-8016-8226,8226,46275,1073.0,0.0,,0,0,31047,30249,WAP7,0.0,0.0,1073.0,1073.0
train,OE-8017-8228,8228,46275,1073.0,0.0,,0,0,31048,30252,WAP7,0.0,0.0,1073.0,1073.0
train,OE-8020-8230,8230,46275,1073.0,0.0,,0,0,31051,30252,WAP7,0.0,0.0,1073.0,1073.0
train,OE-1911-2707,2707,8221,-1021.0,0.0,,0,0,31058,30294,WAP7,1021.0,1021.0,0.0,0.0
train,OE-1913-2709,2709,8221,-1020.5,-0.5,,0,0,31060,30294,WAP7,1020.5,1020.5,0.0,0.0
train,OE-1914-2710,2710,8221,-1025.0,0.0,,0,0,31061,30294,WAP7,1025.0,1025.0,0.0,0.0
train,OE-1915-2711,2711,8221,-1023.0,0.0,,0,0,31062,30294,WAP7,1023.0,1023.0,0.0,0.0
train,OE-1789-2642,2642,8221,-1079.0,0.0,,0,0,31124,30208,WAP7,1079.0,1080.0,0.0,0.0
train,OE-1790-2643,2643,8221,-1080.0,-1.0,,0,0,31125,30208,WAP7,1080.0,1080.0,0.0,0.0
train,OE-1791-2644,2644,8221,-1081.0,-3.0,,0,0,31126,30208,WAP7,1081.0,1079.0,0.0,0.0
train,OE-487-936,936,45709,1024.0,3.0,,0,0,31154,30210,WAP7,0.0,0.0,1024.0,1024.0
train,OE-489-938,938,109400,1095.0,0.0,,0,0,31156,30210,WAP7,0.0,0.0,1095.0,1095.0
train,OE-491-937,937,45709,1024.0,3.0,,0,0,31158,30210,WAP7,0.0,0.0,1024.0,1024.0
train,OE-298-2647,2647,8221,-1081.0,-2.5,,0,0,31261,30218,WAP7,1081.0,1081.0,0.0,0.0
train,OE-299-2648,2648,8221,-1081.0,-4.0,,0,0,31262,30218,WAP7,1081.0,1081.0,0.0,0.0
train,OE-300-2649,2649,8221,-1079.0,-3.5,,0,0,31263,30218,WAP7,1079.0,1080.0,0.0,0.0
train,OE-301-2650,2650,8221,-1078.0,-3.0,,0,0,31264,30218,WAP7,1078.0,1078.0,0.0,0.0
train,OE-302-2651,2651,8221,-1079.0,-1.5,,0,0,31265,30218,WAP7,1079.0,1079.0,0.0,0.0
train,OE-1442-2659,2659,8221,-1063.0,-3.0,,0,0,31308,30221,WAP7,1063.0,1064.0,0.0,0.0
train,OE-1444-2661,2661,8221,-1065.0,-5.5,,0,0,31310,30221,WAP7,1065.0,1066.0,0.0,0.0
train,OE-1445-2662,2662,8221,-1073.0,-3.0,,0,0,31311,30221,WAP7,1073.0,1074.0,0.0,0.0
train,OE-1447-2664,2664,8221,-1072.0,-4.0,,0,0,31312,30221,WAP7,1072.0,1072.0,0.0,0.0
train,OE-1446-2663,2663,8221,-1072.0,-5.0,,0,0,31313,30221,WAP7,1072.0,1073.0,0.0,0.0
train,OE-1701-1717,1717,2283,1013.0,4.0,,0,0,31372,30247,WAP7,54.0,1054.0,1067.0,1068.0
train,OE-245-1491,1491,2280,1080.0,1.5,,0,0,31429,30284,WAP7,0.0,0.0,1080.0,1082.0
train,OE-246-1492,1492,2280,1080.0,1.5,,0,0,31430,30284,WAP7,0.0,0.0,1080.0,1082.0
train,OE-247-1493,1493,2280,1080.0,1.5,,0,0,31431,30284,WAP7,0.0,0.0,1080.0,1082.0
train,OE-965-1344,1344,1985,1086.0,1.5,,0,0,31461,30254,WAP7,0.0,0.0,1086.0,1086.0
train,OE-967-1346,1346,1985,1086.0,1.5,,0,0,31463,30254,WAP7,0.0,0.0,1086.0,1086.0
train,OE-969-1348,1348,1985,1086.0,1.5,,0,0,31465,30254,WAP7,0.0,0.0,1086.0,1086.0
train,OE-1754-2683,2683,8221,-1090.0,-2.0,,0,0,31672,30383,WAP7,1090.0,1088.0,0.0,0.0
train,OE-1756-2685,2685,8221,-1088.0,-3.5,,0,0,31674,30383,WAP7,1088.0,1087.0,0.0,0.0
train,OE-1757-2686,2686,8221,-1090.0,-3.0,,0,0,31675,30383,WAP7,1090.0,1089.0,0.0,0.0
train,OE-1759-2688,2688,8221,-1088.0,-3.5,,0,0,31677,30383,WAP7,1088.0,1089.0,0.0,0.0
train,OE-940-2652,2652,8221,-1077.0,-2.0,,0,0,36366,30218,WAP7,1077.0,1078.0,0.0,0.0
train,OE-89699-91063,91063,92748,129.0999999999999,0.0,,0,0,238381,37248,WAP7,962.0,1028.3,1091.1,1091.0
val,OE-1026697-1051426,1051426,1069468,966.0,0.7,LGDE,0,0,405596,30288,WAP7,105.0,1051.0,1071.0,1071.0
train,OE-897372-890949,890949,894808,1030.9,2.4,BZAE,0,0,495585,37587,WAP7,0.1,1057.5,1031.0,1030.0
train,OE-890949-898720,898720,937979,1061.9,2.0,BZAE,0,0,495585,37587,WAP7,0.1,1057.5,1062.0,1062.0
train,OE-898720-931889,931889,975424,1089.3300000000002,2.2,BZAE,0,0,495585,37587,WAP7,0.1,1057.5,1089.43,1090.1
train,OE-672170-823935,823935,761616,1040.52,-1.0,TKDE,0,1,597195,30739,WAP7,0.42,1065.2,1040.94,1040.81
train,OE-823935-824125,824125,773015,1065.22,-2.25,TKDE,0,0,597195,30739,WAP7,0.42,1065.2,1065.64,1065.49
train,OE-804086-805681,805681,963755,1088.58,-1.1099999999999999,TKDE,0,0,597195,30739,WAP7,0.42,1065.2,1089.0,1089.0
train,OE-805681-809092,809092,903176,1091.81,-2.0,TKDE,0,1,597195,30739,WAP7,0.42,1065.2,1092.23,1092.41
train,OE-809092-816894,816894,847040,1084.58,0.5,TKDE,0,0,597195,30739,WAP7,0.42,1065.2,1085.0,1086.0
train,OE-876044-925169,925169,930939,1059.58,-0.25,TKDE,0,0,597195,30739,WAP7,0.42,1065.2,1060.0,1060.0
train,OE-925169-948156,948156,987622,1023.58,-2.0,TKDE,0,0,597195,30739,WAP7,0.42,1065.2,1024.0,1024.0
val,OE-698541-825572,825572,864029,-193.0,1.75,GZBE ,0,0,1714011,37155,WAP7,1280.0,1080.9,1087.0,1086.0
val,OE-825572-797552,797552,837460,-214.0,-0.8,GZBE ,0,0,1714011,37155,WAP7,1280.0,1080.9,1066.0,1066.5
val,OE-797552-875956,875956,904954,-208.0,1.0,GZBE ,0,0,1714011,37155,WAP7,1280.0,1080.9,1072.0,1072.0
test,OE-684472-718273,718273,819418,1050.5,-1.1,WATE ,0,0,2051802,30501,WAP7,0.5,1023.0,1051.0,1051.0
val,OE-815888-831624,831624,853946,1068.35,-0.1499999999999999,SGUD,0,0,2183005,37727,WAP7,2.0,1085.7,1070.35,1070.28
val,OE-831624-856372,856372,910610,1058.5,0.19999999999999996,SGUD,0,0,2183005,37727,WAP7,2.0,1085.7,1060.5,1060.5
val,OE-856372-866662,866662,904570,1048.0,2.5,SGUD,0,0,2183005,37727,WAP7,2.0,1085.7,1050.0,1050.0
val,OE-866662-881838,881838,907588,1059.5,0.0,SGUD,0,0,2183005,37727,WAP7,2.0,1085.7,1061.5,1061.5
val,OE-881838-891135,891135,900972,1042.0,0.5,SGUD,0,0,2183005,37727,WAP7,2.0,1085.7,1044.0,1044.0
