loco,wheelset_equipment_id,turn_no,turn_date,pre_dia,post_dia,pre_flange,post_flange,pre_root,post_root,pre_tread,post_tread,boundary_consistent,dia_ok,flange_ok,root_ok,tread_ok
37597,905685,1,2024-02-04,1082.775,1077.71,0.45499999999999996,0.0,1.135,0.0,0.0,0.0,True,True,True,True,True
37597,905685,2,2024-02-04,1082.775,1077.71,0.45499999999999996,0.0,1.135,0.0,0.0,0.0,True,True,True,True,True
37597,905685,3,2024-02-04,1082.775,1077.71,0.45499999999999996,0.0,1.135,0.0,0.0,0.0,True,True,True,True,True
37597,905685,4,2024-02-04,1082.775,1077.71,0.45499999999999996,0.0,1.135,0.0,0.0,0.0,True,True,True,True,True
37597,905685,5,2025-11-04,1063.65,1060.12,0.5,0.0,1.75,0.0,1.5,0.0,True,True,True,True,True
37597,905685,6,2026-02-06,1057.88,1055.48,0.135,0.0,0.37,0.0,0.375,0.0,True,True,True,True,True
37597,905685,7,2026-02-06,1057.88,1055.48,0.135,0.0,0.37,0.0,0.375,0.0,True,True,True,True,True
37597,905685,8,2026-02-06,1057.88,1055.48,0.135,0.0,0.37,0.0,0.375,0.0,True,True,True,True,True
37597,905685,9,2026-02-06,1057.88,1055.48,0.135,0.0,0.37,0.0,0.375,0.0,True,True,True,True,True
37597,905687,1,2024-02-04,1082.815,1077.0349999999999,0.445,0.0,1.0550000000000002,0.0,0.0,0.0,True,True,True,True,True
37597,905687,2,2024-02-04,1082.815,1077.0349999999999,0.445,0.0,1.0550000000000002,0.0,0.0,0.0,True,True,True,True,True
37597,905687,3,2024-02-04,1082.815,1077.0349999999999,0.445,0.0,1.0550000000000002,0.0,0.0,0.0,True,True,True,True,True
37597,905687,4,2024-02-04,1082.815,1077.0349999999999,0.445,0.0,1.0550000000000002,0.0,0.0,0.0,True,True,True,True,True
37597,905687,5,2025-02-09,1071.2350000000001,1068.8049999999998,0.5,0.295,0.75,0.435,0.0,0.0,True,True,True,True,True
37597,905687,6,2025-02-09,1071.2350000000001,1068.8049999999998,0.5,0.295,0.75,0.435,0.0,0.0,True,True,True,True,True
37597,905687,7,2025-02-09,1071.2350000000001,1068.8049999999998,0.5,0.295,0.75,0.435,0.0,0.0,True,True,True,True,True
37597,905687,8,2025-02-09,1071.2350000000001,1068.8049999999998,0.5,0.295,0.75,0.435,0.0,0.0,True,True,True,True,True
37597,905687,9,2025-04-13,1067.8249999999998,1066.82,0.5349999999999999,0.5,0.7749999999999999,0.5,0.75,0.25,True,True,True,True,True
37597,905687,10,2025-04-13,1067.8249999999998,1066.82,0.5349999999999999,0.5,0.7749999999999999,0.5,0.75,0.25,True,True,True,True,True
37597,905687,11,2025-04-13,1067.8249999999998,1066.82,0.5349999999999999,0.5,0.7749999999999999,0.5,0.75,0.25,True,True,True,True,True
37597,905687,12,2025-04-13,1067.8249999999998,1066.82,0.5349999999999999,0.5,0.7749999999999999,0.5,0.75,0.25,True,True,True,True,True
37597,905687,13,2025-11-04,1064.4099999999999,1060.595,0.25,0.0,1.25,0.0,1.0,0.0,True,True,True,True,True
37597,905687,14,2026-01-01,1060.22,1057.31,0.08,0.25,0.21,0.0,0.0,0.0,False,True,False,True,True
37597,905687,15,2026-01-01,1060.22,1057.31,0.08,0.25,0.21,0.0,0.0,0.0,False,True,False,True,True
37597,905687,16,2026-01-01,1060.22,1057.31,0.08,0.25,0.21,0.0,0.0,0.0,False,True,False,True,True
37597,905687,17,2026-01-01,1060.22,1057.31,0.08,0.25,0.21,0.0,0.0,0.0,False,True,False,True,True
37597,905688,1,2024-02-04,1081.93,1077.835,0.52,0.15,1.05,0.25,0.0,0.0,True,True,True,True,True
37597,905688,2,2024-02-04,1081.93,1077.835,0.52,0.15,1.05,0.25,0.0,0.0,True,True,True,True,True
37597,905688,3,2024-02-04,1081.93,1077.835,0.52,0.15,1.05,0.25,0.0,0.0,True,True,True,True,True
37597,905688,4,2024-02-04,1081.93,1077.835,0.52,0.15,1.05,0.25,0.0,0.0,True,True,True,True,True
37597,905688,5,2025-11-04,1064.615,1060.9,0.75,0.25,2.25,0.25,1.5,0.0,True,True,True,True,True
37597,905688,6,2026-01-01,1060.345,1059.2849999999999,0.46,0.5,0.615,0.25,0.0,0.0,False,True,False,True,True
37597,905688,7,2026-01-01,1060.345,1059.2849999999999,0.46,0.5,0.615,0.25,0.0,0.0,False,True,False,True,True
37597,905688,8,2026-01-01,1060.345,1059.2849999999999,0.46,0.5,0.615,0.25,0.0,0.0,False,True,False,True,True
37597,905688,9,2026-01-01,1060.345,1059.2849999999999,0.46,0.5,0.615,0.25,0.0,0.0,False,True,False,True,True
37597,905688,10,2026-02-06,1058.6100000000001,1056.415,0.31,0.0,0.295,0.0,0.385,0.0,True,True,True,True,True
37597,905688,11,2026-02-06,1058.6100000000001,1056.415,0.31,0.0,0.295,0.0,0.385,0.0,True,True,True,True,True
37597,905688,12,2026-02-06,1058.6100000000001,1056.415,0.31,0.0,0.295,0.0,0.385,0.0,True,True,True,True,True
37597,905688,13,2026-02-06,1058.6100000000001,1056.415,0.31,0.0,0.295,0.0,0.385,0.0,True,True,True,True,True
37597,905689,1,2024-02-04,1084.85,1076.675,0.845,0.0,1.42,0.0,0.0,0.0,True,True,True,True,True
37597,905689,2,2024-02-04,1084.85,1076.675,0.845,0.0,1.42,0.0,0.0,0.0,True,True,True,True,True
37597,905689,3,2024-02-04,1084.85,1076.675,0.845,0.0,1.42,0.0,0.0,0.0,True,True,True,True,True
37597,905689,4,2024-02-04,1084.85,1076.675,0.845,0.0,1.42,0.0,0.0,0.0,True,True,True,True,True
37597,905689,5,2024-08-17,1072.0,1065.315,1.555,0.1,0.775,0.0,0.915,0.0,True,True,True,True,True
37597,905689,6,2024-08-17,1072.0,1065.315,1.555,0.1,0.775,0.0,0.915,0.0,True,True,True,True,True
37597,905689,7,2024-08-17,1072.0,1065.315,1.555,0.1,0.775,0.0,0.915,0.0,True,True,True,True,True
37597,905689,8,2024-08-17,1072.0,1065.315,1.555,0.1,0.775,0.0,0.915,0.0,True,True,True,True,True
37597,905689,9,2026-02-06,1048.33,1047.2800000000002,0.25,0.015,0.25,0.04,0.25,0.325,False,True,True,True,False
37597,905689,10,2026-02-06,1048.33,1047.2800000000002,0.25,0.015,0.25,0.04,0.25,0.325,False,True,True,True,False
37597,905689,11,2026-02-06,1048.33,1047.2800000000002,0.25,0.015,0.25,0.04,0.25,0.325,False,True,True,True,False
37597,905689,12,2026-02-06,1048.33,1047.2800000000002,0.25,0.015,0.25,0.04,0.25,0.325,False,True,True,True,False
37597,905690,1,2024-02-04,1085.0749999999998,1077.855,0.66,0.0,1.11,0.0,0.0,0.0,True,True,True,True,True
37597,905690,2,2024-02-04,1085.0749999999998,1077.855,0.66,0.0,1.11,0.0,0.0,0.0,True,True,True,True,True
37597,905690,3,2024-02-04,1085.0749999999998,1077.855,0.66,0.0,1.11,0.0,0.0,0.0,True,True,True,True,True
37597,905690,4,2024-02-04,1085.0749999999998,1077.855,0.66,0.0,1.11,0.0,0.0,0.0,True,True,True,True,True
37597,905690,5,2024-08-17,1073.3400000000001,1065.865,0.9600000000000001,0.0,0.37,0.0,0.755,0.0,True,True,True,True,True
37597,905690,6,2024-08-17,1073.3400000000001,1065.865,0.9600000000000001,0.0,0.37,0.0,0.755,0.0,True,True,True,True,True
37597,905690,7,2024-08-17,1073.3400000000001,1065.865,0.9600000000000001,0.0,0.37,0.0,0.755,0.0,True,True,True,True,True
37597,905690,8,2024-08-17,1073.3400000000001,1065.865,0.9600000000000001,0.0,0.37,0.0,0.755,0.0,True,True,True,True,True
37597,905690,9,2025-04-13,1060.4299999999998,1058.82,0.78,0.5,1.245,0.5,0.79,0.25,True,True,True,True,True
37597,905690,10,2025-04-13,1060.4299999999998,1058.82,0.78,0.5,1.245,0.5,0.79,0.25,True,True,True,True,True
37597,905690,11,2025-04-13,1060.4299999999998,1058.82,0.78,0.5,1.245,0.5,0.79,0.25,True,True,True,True,True
37597,905690,12,2025-04-13,1060.4299999999998,1058.82,0.78,0.5,1.245,0.5,0.79,0.25,True,True,True,True,True
37597,905692,1,2024-02-04,1085.5749999999998,1077.655,0.775,0.0,1.33,0.0,0.0,0.0,True,True,True,True,True
37597,905692,2,2024-02-04,1085.5749999999998,1077.655,0.775,0.0,1.33,0.0,0.0,0.0,True,True,True,True,True
37597,905692,3,2024-02-04,1085.5749999999998,1077.655,0.775,0.0,1.33,0.0,0.0,0.0,True,True,True,True,True
37597,905692,4,2024-02-04,1085.5749999999998,1077.655,0.775,0.0,1.33,0.0,0.0,0.0,True,True,True,True,True
37597,905692,5,2024-08-17,1072.415,1065.615,1.81,0.25,1.335,0.25,1.105,0.0,True,True,True,True,True
37597,905692,6,2024-08-17,1072.415,1065.615,1.81,0.25,1.335,0.25,1.105,0.0,True,True,True,True,True
37597,905692,7,2024-08-17,1072.415,1065.615,1.81,0.25,1.335,0.25,1.105,0.0,True,True,True,True,True
37597,905692,8,2024-08-17,1072.415,1065.615,1.81,0.25,1.335,0.25,1.105,0.0,True,True,True,True,True
37597,905692,9,2025-07-29,1057.825,1054.4699999999998,0.515,0.0,1.2,0.0,1.2349999999999999,0.0,True,True,True,True,True
37597,905692,10,2025-07-29,1057.825,1054.4699999999998,0.515,0.0,1.2,0.0,1.2349999999999999,0.0,True,True,True,True,True
37597,905692,11,2025-07-29,1057.825,1054.4699999999998,0.515,0.0,1.2,0.0,1.2349999999999999,0.0,True,True,True,True,True
37597,905692,12,2025-07-29,1057.825,1054.4699999999998,0.515,0.0,1.2,0.0,1.2349999999999999,0.0,True,True,True,True,True
37597,905692,13,2026-01-01,1050.8600000000001,1049.6999999999998,0.16,0.25,0.42,0.0,0.0,0.25,False,True,False,True,False
37597,905692,14,2026-01-01,1050.8600000000001,1049.6999999999998,0.16,0.25,0.42,0.0,0.0,0.25,False,True,False,True,False
37597,905692,15,2026-01-01,1050.8600000000001,1049.6999999999998,0.16,0.25,0.42,0.0,0.0,0.25,False,True,False,True,False
37597,905692,16,2026-01-01,1050.8600000000001,1049.6999999999998,0.16,0.25,0.42,0.0,0.0,0.25,False,True,False,True,False
