operational_exposure_id,split_x,time_to_event,censored,risk_score,split_y,interval_days,diameter_delta_raw_mm_side_1,diameter_delta_raw_mm_side_2,rtis_reporting_coverage_pct,turning_indicator_raw,days_since_turning,wheel_profile_2class,locomotive_number,home_shed,defect_zone,defect_division,interval_days_bucket,rtis_coverage_bucket,wear_side1_bucket,wear_side2_bucket,error
OE-917640-991977,test,15.0,0,-606.4164,test,69.0,-1.11,-0.57,0.0,0,315.0,0.0,39520,,,,interval Q4,coverage Q2,wear1 Q2,wear2 Q2,591.4164
OE-702826-752230,test,102.0,0,-675.4256,test,55.0,-0.5,-0.5,0.0,0,315.0,0.0,37827,,,,interval Q4,coverage Q1,wear1 Q2,wear2 Q2,573.4256
OE-760224-867086,test,67.0,0,-632.7783,test,93.0,-2.0,-2.0,0.0,0,315.0,1.0,39454,,11.0,44.0,interval Q5,coverage Q2,wear1 Q2,wear2 Q2,565.7783
OE-702827-752231,test,118.0,0,-683.2393,test,55.0,-0.5,-0.5,0.0,0,315.0,0.0,37827,,,,interval Q4,coverage Q1,wear1 Q2,wear2 Q2,565.2393
OE-702828-752232,test,118.0,0,-678.9608,test,55.0,-0.5,-0.5,0.0,0,315.0,0.0,37827,,,,interval Q4,coverage Q1,wear1 Q2,wear2 Q2,560.9608
OE-702825-752229,test,118.0,0,-675.571,test,55.0,-0.5,-0.5,0.0,0,315.0,0.0,37827,,,,interval Q4,coverage Q1,wear1 Q2,wear2 Q2,557.571
OE-702829-752233,test,102.0,0,-657.6074,test,55.0,-0.5,-0.5,0.0,0,315.0,0.0,37827,,,,interval Q4,coverage Q1,wear1 Q2,wear2 Q2,555.6074
OE-917642-991979,test,15.0,0,-569.3589,test,69.0,-1.08,-0.8,0.0,0,315.0,0.0,39520,,,,interval Q4,coverage Q2,wear1 Q2,wear2 Q2,554.3589
OE-760225-867087,test,67.0,0,-614.534,test,93.0,-1.0,-1.0,0.0,0,315.0,1.0,39454,,11.0,44.0,interval Q5,coverage Q2,wear1 Q2,wear2 Q2,547.534
OE-739001-749456,test,7.0,0,-478.5706,test,8.0,0.0,0.0,0.0,0,97.0,0.0,39410,,,,interval Q1,coverage Q1,wear1 Q4,wear2 Q4,471.5706
OE-792993-794178,test,275.0,0,-717.6231,test,1.0,-1.2,-1.4,0.0,1,0.0,0.0,37859,,,,interval Q1,coverage Q2,wear1 Q2,wear2 Q2,442.6231
OE-842345-843052,test,76.0,0,-510.6076,test,4.0,-1.4,-1.1,75.0,1,0.0,0.0,39481,,,,interval Q1,coverage Q3,wear1 Q2,wear2 Q2,434.6076
OE-842348-843055,test,76.0,0,-499.2705,test,4.0,-1.1,-1.5,75.0,1,0.0,0.0,39481,,,,interval Q1,coverage Q3,wear1 Q2,wear2 Q2,423.2705
OE-702830-752234,test,244.0,0,-656.1038,test,55.0,-0.5,-0.5,0.0,0,315.0,0.0,37827,,,,interval Q4,coverage Q1,wear1 Q2,wear2 Q2,412.1038
OE-842349-843056,test,76.0,0,-484.4815,test,4.0,-0.9,-1.0,75.0,1,0.0,0.0,39481,,,,interval Q1,coverage Q3,wear1 Q2,wear2 Q2,408.4815
OE-842344-843051,test,76.0,0,-483.6983,test,4.0,-0.9,-1.8,75.0,1,0.0,0.0,39481,,,,interval Q1,coverage Q3,wear1 Q2,wear2 Q2,407.6983
OE-864688-913429,test,29.0,0,-435.5401,test,69.0,-2.0,-2.0,0.0,0,315.0,1.0,39463,,,,interval Q4,coverage Q2,wear1 Q2,wear2 Q2,406.5401
OE-805939-805945,test,222.0,0,-626.514,test,3.0,-1.0,0.0,100.0,0,315.0,-1.0,30651,LDHE ,10.0,43.0,interval Q1,coverage Q5,wear1 Q2,wear2 Q4,404.514
OE-754245-778122,test,145.0,0,-545.2589,test,23.0,0.0,0.0,69.5652,0,315.0,0.0,37841,,,,interval Q3,coverage Q3,wear1 Q4,wear2 Q4,400.2589
OE-648929-640663,test,541.0,0,-144.1398,test,1.0,-1.5,-1.91,0.0,0,315.0,1.0,37158,,10.0,38.0,interval Q1,coverage Q1,wear1 Q2,wear2 Q2,396.8602
OE-754246-778123,test,145.0,0,-539.3739,test,23.0,0.0,0.0,69.5652,0,315.0,0.0,37841,,,,interval Q3,coverage Q3,wear1 Q4,wear2 Q4,394.3739
OE-1119654-1153423,test,42.0,0,-434.2116,test,9.0,-2.0,-2.0,0.0,0,315.0,1.0,39595,,,,interval Q2,coverage Q3,wear1 Q2,wear2 Q2,392.2116
OE-730463-779770,test,145.0,0,-531.278,test,101.0,-2.8,-2.1,0.0,0,315.0,1.0,39419,,,,interval Q5,coverage Q1,wear1 Q1,wear2 Q1,386.278
OE-748835-748841,test,7.0,0,-386.2508,test,1.0,-2.5,-2.5,0.0,0,315.0,1.0,37741,,,,interval Q1,coverage Q1,wear1 Q1,wear2 Q1,379.2508
OE-792994-794179,test,275.0,0,-651.013,test,1.0,-1.0,-1.2,0.0,1,0.0,0.0,37859,,,,interval Q1,coverage Q2,wear1 Q2,wear2 Q2,376.013
OE-730464-779771,test,145.0,0,-517.5593,test,101.0,-3.0,-2.2,0.0,0,315.0,1.0,39419,,,,interval Q5,coverage Q1,wear1 Q1,wear2 Q1,372.5593
OE-748833-748839,test,4.0,0,-375.1647,test,1.0,-5.5,-5.0,0.0,0,315.0,1.0,37741,,,,interval Q1,coverage Q1,wear1 Q1,wear2 Q1,371.1647
OE-807840-825317,test,3.0,0,-373.6471,test,14.0,0.0,0.0,100.0,0,315.0,0.0,39468,,,,interval Q2,coverage Q5,wear1 Q4,wear2 Q4,370.6471
OE-807841-825318,test,5.0,0,-373.6471,test,14.0,0.0,0.0,100.0,0,315.0,0.0,39468,,,,interval Q2,coverage Q5,wear1 Q4,wear2 Q4,368.6471
OE-590945-639528,test,583.0,0,-215.0974,test,52.0,-3.0,-2.8,80.7692,0,315.0,1.0,30799,,15.0,60.0,interval Q4,coverage Q4,wear1 Q1,wear2 Q1,367.9026
OE-830731-845677,test,31.0,0,-398.8806,test,41.0,-1.55,-1.57,68.2927,0,315.0,1.0,37864,,,,interval Q3,coverage Q3,wear1 Q2,wear2 Q2,367.8806
OE-801172-807842,test,13.0,0,-379.4357,test,7.0,0.0,0.0,100.0,0,315.0,0.0,39468,,,,interval Q1,coverage Q5,wear1 Q4,wear2 Q4,366.4357
OE-801173-807843,test,13.0,0,-377.4352,test,7.0,0.0,0.0,100.0,0,315.0,0.0,39468,,,,interval Q1,coverage Q5,wear1 Q4,wear2 Q4,364.4352
OE-801170-807840,test,13.0,0,-377.1627,test,7.0,0.0,0.0,100.0,0,315.0,0.0,39468,,,,interval Q1,coverage Q5,wear1 Q4,wear2 Q4,364.1627
OE-801171-807841,test,13.0,0,-377.1627,test,7.0,0.0,0.0,100.0,0,315.0,0.0,39468,,,,interval Q1,coverage Q5,wear1 Q4,wear2 Q4,364.1627
OE-748834-748840,test,7.0,0,-367.581,test,1.0,-5.0,-4.5,0.0,0,315.0,1.0,37741,,,,interval Q1,coverage Q1,wear1 Q1,wear2 Q1,360.581
OE-807843-825320,test,5.0,0,-365.3564,test,14.0,0.0,0.0,100.0,0,315.0,0.0,39468,,,,interval Q2,coverage Q5,wear1 Q4,wear2 Q4,360.3564
OE-730462-779769,test,145.0,0,-504.9439,test,101.0,-3.3,-2.8,0.0,0,315.0,1.0,39419,,,,interval Q5,coverage Q1,wear1 Q1,wear2 Q1,359.9439
OE-748832-748838,test,7.0,0,-365.8701,test,1.0,-3.5,-3.5,0.0,0,315.0,1.0,37741,,,,interval Q1,coverage Q1,wear1 Q1,wear2 Q1,358.8701
OE-986652-1094855,test,80.0,0,-438.0563,test,100.0,-2.0,-2.0,0.0,0,315.0,1.0,39448,,,,interval Q5,coverage Q2,wear1 Q2,wear2 Q2,358.0563
OE-807842-825319,test,5.0,0,-362.8657,test,14.0,0.0,0.0,100.0,0,315.0,0.0,39468,,,,interval Q2,coverage Q5,wear1 Q4,wear2 Q4,357.8657
OE-699596-808820,test,13.0,0,-370.305,test,100.0,-2.0,-2.0,9.0,0,315.0,1.0,30215,,15.0,60.0,interval Q5,coverage Q3,wear1 Q2,wear2 Q2,357.305
OE-735619-743393,test,28.0,0,-382.7047,test,8.0,-1.0,-1.0,0.0,0,315.0,1.0,37795,,,,interval Q1,coverage Q1,wear1 Q2,wear2 Q2,354.7047
OE-792995-794180,test,275.0,0,-629.0497,test,1.0,-1.0,-0.9,0.0,1,0.0,0.0,37859,,,,interval Q1,coverage Q2,wear1 Q2,wear2 Q2,354.0497
OE-735620-743394,test,28.0,0,-375.7859,test,8.0,-1.0,-2.0,0.0,0,315.0,1.0,37795,,,,interval Q1,coverage Q1,wear1 Q2,wear2 Q2,347.7859
OE-862711-875406,test,35.0,0,-382.7392,test,2.0,-6.5,-6.5,100.0,0,315.0,0.0,37486,BZAE,5.0,18.0,interval Q1,coverage Q5,wear1 Q1,wear2 Q1,347.7392
OE-730466-779773,test,145.0,0,-490.1831,test,101.0,-2.9,-2.6,0.0,0,315.0,1.0,39419,,,,interval Q5,coverage Q1,wear1 Q1,wear2 Q1,345.1831
OE-365209-375549,test,358.0,0,-702.0829,test,1.0,-3.0,0.0,0.0,0,315.0,-1.0,37467,,11.0,46.0,interval Q1,coverage Q1,wear1 Q1,wear2 Q3,344.0829
OE-611746-651948,test,501.0,0,-157.7415,test,52.0,0.0,-0.4,46.1538,0,52.0,1.0,39105,,5.0,18.0,interval Q4,coverage Q3,wear1 Q3,wear2 Q2,343.2585
OE-737056-741818,test,438.0,0,-96.5625,test,5.0,0.0,0.0,100.0,0,315.0,0.0,30603,LGDE,10.0,38.0,interval Q1,coverage Q5,wear1 Q3,wear2 Q3,341.4375
OE-801174-807844,test,13.0,0,-353.43,test,7.0,0.0,0.0,100.0,0,315.0,0.0,39468,,,,interval Q1,coverage Q5,wear1 Q4,wear2 Q4,340.43
OE-820915-826976,test,381.0,0,-40.6491,test,33.0,0.0,0.0,100.0,0,315.0,0.0,39155,BZAE,10.0,43.0,interval Q3,coverage Q5,wear1 Q5,wear2 Q5,340.3509
OE-739004-749459,test,160.0,0,-499.3137,test,8.0,0.0,0.0,0.0,0,97.0,0.0,39410,,,,interval Q1,coverage Q1,wear1 Q4,wear2 Q4,339.3137
OE-986649-1094852,test,80.0,0,-417.6534,test,100.0,-1.0,-1.0,0.0,0,315.0,1.0,39448,,,,interval Q5,coverage Q2,wear1 Q2,wear2 Q2,337.6534
OE-739006-749461,test,160.0,0,-497.3919,test,8.0,0.0,0.0,0.0,0,97.0,0.0,39410,,,,interval Q1,coverage Q1,wear1 Q4,wear2 Q4,337.3919
OE-807845-825322,test,5.0,0,-342.1773,test,14.0,0.0,0.0,100.0,0,315.0,0.0,39468,,,,interval Q2,coverage Q5,wear1 Q4,wear2 Q4,337.1773
OE-986651-1094854,test,80.0,0,-416.9523,test,100.0,-2.0,-2.0,0.0,0,315.0,1.0,39448,,,,interval Q5,coverage Q2,wear1 Q2,wear2 Q2,336.9523
OE-748837-748843,test,4.0,0,-339.5168,test,1.0,-2.5,-3.5,0.0,0,315.0,1.0,37741,,,,interval Q1,coverage Q1,wear1 Q1,wear2 Q1,335.5168
OE-711527-741807,test,438.0,0,-102.9028,test,39.0,0.0,0.0,56.4103,0,315.0,0.0,39431,LGDE,,,interval Q3,coverage Q3,wear1 Q4,wear2 Q4,335.0972
OE-739003-749458,test,160.0,0,-494.6212,test,8.0,0.0,0.0,0.0,0,97.0,0.0,39410,,,,interval Q1,coverage Q1,wear1 Q4,wear2 Q4,334.6212
OE-830734-845680,test,31.0,0,-365.236,test,41.0,-1.15,-1.4,68.2927,0,315.0,1.0,37864,,,,interval Q3,coverage Q3,wear1 Q2,wear2 Q2,334.236
OE-801175-807845,test,13.0,0,-346.8055,test,7.0,0.0,0.0,100.0,0,315.0,0.0,39468,,,,interval Q1,coverage Q5,wear1 Q4,wear2 Q4,333.8055
OE-748836-748842,test,7.0,0,-338.5818,test,1.0,-3.0,-2.5,0.0,0,315.0,1.0,37741,,,,interval Q1,coverage Q1,wear1 Q1,wear2 Q1,331.5818
OE-1083214-1178751,test,64.0,0,-394.5034,test,94.0,-2.34,-0.99,0.0,0,315.0,1.0,37791,,,,interval Q5,coverage Q1,wear1 Q1,wear2 Q2,330.5034
OE-739005-749460,test,160.0,0,-490.1884,test,8.0,0.0,0.0,0.0,0,97.0,0.0,39410,,,,interval Q1,coverage Q1,wear1 Q4,wear2 Q4,330.1884
OE-711528-741808,test,438.0,0,-107.833,test,39.0,0.0,0.0,56.4103,0,315.0,0.0,39431,LGDE,,,interval Q3,coverage Q3,wear1 Q4,wear2 Q4,330.167
OE-699594-808818,test,13.0,0,-342.8259,test,100.0,-2.0,-2.0,9.0,0,315.0,1.0,30215,,15.0,60.0,interval Q5,coverage Q3,wear1 Q2,wear2 Q2,329.8259
OE-1083217-1178754,test,64.0,0,-388.6673,test,94.0,-1.52,-1.04,0.0,0,315.0,1.0,37791,,,,interval Q5,coverage Q1,wear1 Q2,wear2 Q2,324.6673
OE-640600-722080,test,447.0,0,-124.4062,test,97.0,-5.0,-5.0,76.2887,0,315.0,1.0,30297,LGDE,9.0,33.0,interval Q5,coverage Q4,wear1 Q1,wear2 Q1,322.5938
OE-739002-749457,test,160.0,0,-478.4252,test,8.0,0.0,0.0,0.0,0,97.0,0.0,39410,,,,interval Q1,coverage Q1,wear1 Q4,wear2 Q4,318.4252
OE-790299-807769,test,20.0,0,-336.4764,test,15.0,0.0,0.0,100.0,0,315.0,0.0,37858,,10.0,43.0,interval Q2,coverage Q5,wear1 Q4,wear2 Q4,316.4764
OE-790298-807768,test,20.0,0,-336.4764,test,15.0,0.0,0.0,100.0,0,315.0,0.0,37858,,10.0,43.0,interval Q2,coverage Q5,wear1 Q4,wear2 Q4,316.4764
OE-755062-754417,test,397.0,0,-80.7049,test,1.0,0.09,0.42,100.0,0,315.0,1.0,30465,AQE  ,15.0,62.0,interval Q1,coverage Q5,wear1 Q5,wear2 Q5,316.2951
OE-858800-877745,test,8.0,0,-323.4889,test,22.0,-0.04,-0.42,0.0,0,315.0,1.0,37892,,,,interval Q3,coverage Q2,wear1 Q3,wear2 Q2,315.4889
OE-830735-845681,test,31.0,0,-346.0368,test,41.0,-0.83,-1.64,68.2927,0,315.0,1.0,37864,,,,interval Q3,coverage Q3,wear1 Q2,wear2 Q2,315.0368
OE-787629-801172,test,179.0,0,-493.5487,test,12.0,0.0,0.0,41.6667,0,315.0,0.0,39468,,,,interval Q2,coverage Q3,wear1 Q4,wear2 Q4,314.5487
OE-787632-801175,test,179.0,0,-492.9256,test,12.0,0.0,0.0,41.6667,0,315.0,0.0,39468,,,,interval Q2,coverage Q3,wear1 Q4,wear2 Q4,313.9256
OE-986650-1094853,test,80.0,0,-393.9144,test,100.0,-3.0,-3.0,0.0,0,315.0,1.0,39448,,,,interval Q5,coverage Q2,wear1 Q1,wear2 Q1,313.9144
OE-529874-535220,test,49.0,0,-362.4279,test,7.0,-0.96,-1.05,0.0,0,315.0,1.0,39080,,16.0,63.0,interval Q1,coverage Q1,wear1 Q2,wear2 Q2,313.4279
OE-705685-768961,test,179.0,0,-492.2917,test,98.0,-1.0,-1.2,0.0,0,315.0,1.0,37809,,,,interval Q5,coverage Q1,wear1 Q2,wear2 Q2,313.2917
OE-787627-801170,test,179.0,0,-492.0252,test,12.0,0.0,0.0,41.6667,0,315.0,0.0,39468,,,,interval Q2,coverage Q3,wear1 Q4,wear2 Q4,313.0252
OE-787628-801171,test,179.0,0,-492.0252,test,12.0,0.0,0.0,41.6667,0,315.0,0.0,39468,,,,interval Q2,coverage Q3,wear1 Q4,wear2 Q4,313.0252
OE-787630-801173,test,179.0,0,-491.5481,test,12.0,0.0,0.0,41.6667,0,315.0,0.0,39468,,,,interval Q2,coverage Q3,wear1 Q4,wear2 Q4,312.5481
OE-735617-743391,test,76.0,0,-382.8501,test,8.0,-1.0,-1.0,0.0,0,315.0,1.0,37795,,,,interval Q1,coverage Q1,wear1 Q2,wear2 Q2,306.8501
OE-820916-826977,test,362.0,0,-56.4372,test,33.0,0.0,0.0,100.0,0,315.0,0.0,39155,BZAE,10.0,43.0,interval Q3,coverage Q5,wear1 Q5,wear2 Q5,305.5628
OE-820917-826978,test,362.0,0,-59.8635,test,33.0,0.0,0.0,100.0,0,315.0,0.0,39155,BZAE,10.0,43.0,interval Q3,coverage Q5,wear1 Q5,wear2 Q5,302.1365
OE-1014705-1118318,test,33.0,0,-334.6915,test,99.0,-3.5,-4.0,0.0,0,315.0,1.0,37935,,10.0,39.0,interval Q5,coverage Q2,wear1 Q1,wear2 Q1,301.6915
OE-1014706-1118319,test,33.0,0,-334.6915,test,99.0,-3.0,-3.0,0.0,0,315.0,1.0,37935,,10.0,39.0,interval Q5,coverage Q2,wear1 Q1,wear2 Q1,301.6915
OE-1014707-1118320,test,33.0,0,-334.6915,test,99.0,-3.0,-3.0,0.0,0,315.0,1.0,37935,,10.0,39.0,interval Q5,coverage Q2,wear1 Q1,wear2 Q1,301.6915
OE-1014704-1118317,test,33.0,0,-333.4361,test,99.0,-3.5,-4.0,0.0,0,315.0,1.0,37935,,10.0,39.0,interval Q5,coverage Q2,wear1 Q1,wear2 Q1,300.4361
OE-753477-773034,test,97.0,0,-396.3909,test,21.0,0.0,0.0,90.4762,0,315.0,0.0,37843,,,,interval Q3,coverage Q4,wear1 Q4,wear2 Q4,299.3909
OE-792990-794175,test,409.0,0,-707.5649,test,1.0,-1.2,-1.2,0.0,1,0.0,0.0,37859,,,,interval Q1,coverage Q2,wear1 Q2,wear2 Q2,298.5649
OE-699595-808819,test,13.0,0,-309.6592,test,100.0,-4.0,-3.0,9.0,0,315.0,1.0,30215,,15.0,60.0,interval Q5,coverage Q3,wear1 Q1,wear2 Q1,296.6592
OE-1119655-1153424,test,42.0,0,-338.4799,test,9.0,-3.0,-3.0,0.0,0,315.0,1.0,39595,,,,interval Q2,coverage Q3,wear1 Q1,wear2 Q1,296.4799
OE-1171120-1194320,test,45.0,0,-340.7408,test,21.0,-1.34,-2.16,0.0,0,315.0,1.0,39588,,2.0,10.0,interval Q3,coverage Q3,wear1 Q2,wear2 Q1,295.7408
OE-750853-877650,test,321.0,0,-25.3255,test,123.0,0.0,0.0,0.0,0,315.0,1.0,37833,,5.0,18.0,interval Q5,coverage Q1,wear1 Q4,wear2 Q4,295.6745
OE-787631-801174,test,179.0,0,-473.6314,test,12.0,0.0,0.0,41.6667,0,315.0,0.0,39468,,,,interval Q2,coverage Q3,wear1 Q4,wear2 Q4,294.6314
OE-750851-877648,test,321.0,0,-26.5138,test,123.0,0.0,0.0,0.0,0,315.0,1.0,37833,,5.0,18.0,interval Q5,coverage Q1,wear1 Q4,wear2 Q4,294.4862
OE-792991-794176,test,409.0,0,-700.0259,test,1.0,-1.1,-1.2,0.0,1,0.0,0.0,37859,,,,interval Q1,coverage Q2,wear1 Q2,wear2 Q2,291.0259
OE-757770-775630,test,154.0,0,-444.6678,test,19.0,0.0,0.0,84.2105,0,315.0,0.0,37844,,,,interval Q2,coverage Q4,wear1 Q4,wear2 Q4,290.6678
