operational_exposure_id,split_x,y_true,y_prob,split_y,interval_days,diameter_delta_raw_mm_side_1,diameter_delta_raw_mm_side_2,rtis_reporting_coverage_pct,turning_indicator_raw,days_since_turning,wheel_profile_2class,locomotive_number,home_shed,defect_zone,defect_division,interval_days_bucket,rtis_coverage_bucket,wear_side1_bucket,wear_side2_bucket,error
OE-918068-935076,test,0,0.9567,test,12.0,0.0,0.0,91.6667,0,315.0,1.0,37825,BNDL,6.0,21.0,interval Q2,coverage Q4,wear1 Q4,wear2 Q4,0.9567
OE-918069-935077,test,0,0.9545,test,12.0,0.0,0.0,91.6667,0,315.0,1.0,37825,BNDL,6.0,21.0,interval Q2,coverage Q4,wear1 Q4,wear2 Q4,0.9545
OE-366047-366053,test,0,0.9388,test,34.0,0.0,0.0,50.0,0,315.0,-1.0,37066,,12.0,47.0,interval Q3,coverage Q3,wear1 Q3,wear2 Q3,0.9388
OE-420191-427171,test,0,0.9361,test,10.0,0.0,0.0,60.0,0,83.0,0.0,37066,,12.0,47.0,interval Q2,coverage Q3,wear1 Q3,wear2 Q3,0.9361
OE-1168042-1220201,test,1,0.0855,test,53.0,-20.0,-18.0,0.0,0,315.0,1.0,30780,GMOE ,9.0,37.0,interval Q4,coverage Q1,wear1 Q1,wear2 Q1,0.9145
OE-738552-830459,test,1,0.0894,test,81.0,-17.0,-17.0,95.0617,0,315.0,1.0,39157,KJMD,14.0,59.0,interval Q4,coverage Q4,wear1 Q1,wear2 Q1,0.9106
OE-1168041-1220200,test,1,0.0931,test,53.0,-19.0,-18.0,0.0,0,315.0,1.0,30780,GMOE ,9.0,37.0,interval Q4,coverage Q1,wear1 Q1,wear2 Q1,0.9069
OE-1029853-1034302,test,1,0.0945,test,3.0,-19.1,-18.3,100.0,0,315.0,1.0,39304,KJMD,14.0,57.0,interval Q1,coverage Q5,wear1 Q1,wear2 Q1,0.9055
OE-934537-1019118,test,0,0.8875,test,77.0,0.0,0.0,100.0,0,315.0,0.0,30487,HWHE ,7.0,26.0,interval Q4,coverage Q5,wear1 Q5,wear2 Q5,0.8875
OE-851650-960669,test,0,0.8872,test,79.0,-1.0,-1.0,0.0,0,315.0,1.0,39462,,,,interval Q4,coverage Q2,wear1 Q2,wear2 Q2,0.8872
OE-756876-829515,test,0,0.8829,test,66.0,0.0,0.0,0.0,0,315.0,1.0,39416,,,,interval Q4,coverage Q1,wear1 Q4,wear2 Q4,0.8829
OE-1168043-1220202,test,1,0.1179,test,53.0,-18.0,-16.0,0.0,0,315.0,1.0,30780,GMOE ,9.0,37.0,interval Q4,coverage Q1,wear1 Q1,wear2 Q1,0.8821
OE-1168038-1220197,test,1,0.1185,test,53.0,-14.0,-15.0,0.0,0,315.0,1.0,30780,GMOE ,9.0,37.0,interval Q4,coverage Q1,wear1 Q1,wear2 Q1,0.8815
OE-1122692-1145055,test,1,0.1199,test,21.0,-16.9,-16.5,0.0,1,0.0,1.0,39113,HWHE ,4.0,14.0,interval Q3,coverage Q1,wear1 Q1,wear2 Q1,0.8801
OE-1174178-1187716,test,0,0.8751,test,15.0,0.0,0.0,0.0,0,315.0,1.0,39491,NGCD,,,interval Q2,coverage Q2,wear1 Q5,wear2 Q5,0.8751
OE-899272-1006698,test,1,0.1262,test,101.0,-7.6,-7.9,98.0198,0,315.0,1.0,37649,KJMD,13.0,53.0,interval Q5,coverage Q4,wear1 Q1,wear2 Q1,0.8738
OE-800179-847479,test,0,0.8734,test,40.0,0.0,0.0,0.0,0,315.0,1.0,39423,,,,interval Q3,coverage Q1,wear1 Q4,wear2 Q4,0.8734
OE-739370-851682,test,0,0.8732,test,100.0,-2.0,-2.0,0.0,0,315.0,1.0,39441,,,,interval Q5,coverage Q1,wear1 Q2,wear2 Q2,0.8732
OE-1049244-1058831,test,0,0.8727,test,7.0,-1.05,-1.02,0.0,0,315.0,0.0,37882,SGUD,3.0,11.0,interval Q1,coverage Q2,wear1 Q2,wear2 Q2,0.8727
OE-1219617-1223781,test,1,0.1276,test,4.0,-17.0,-19.0,0.0,0,315.0,1.0,37390,GMOE ,9.0,34.0,interval Q1,coverage Q1,wear1 Q1,wear2 Q1,0.8724
OE-1174176-1187714,test,0,0.8723,test,15.0,0.0,0.0,0.0,0,315.0,1.0,39491,NGCD,,,interval Q2,coverage Q2,wear1 Q5,wear2 Q5,0.8723
OE-1132928-1212006,test,0,0.8719,test,70.0,0.0,0.0,0.0,0,315.0,0.0,39552,,,,interval Q4,coverage Q3,wear1 Q5,wear2 Q5,0.8719
OE-934538-1019119,test,0,0.8718,test,77.0,0.0,0.0,100.0,0,315.0,0.0,30487,HWHE ,7.0,26.0,interval Q4,coverage Q5,wear1 Q5,wear2 Q5,0.8718
OE-899269-1006695,test,1,0.131,test,101.0,-8.2,-9.5,98.0198,0,315.0,1.0,37649,KJMD,13.0,53.0,interval Q5,coverage Q4,wear1 Q1,wear2 Q1,0.869
OE-800175-847475,test,0,0.869,test,40.0,0.0,0.0,0.0,0,315.0,1.0,39423,,,,interval Q3,coverage Q1,wear1 Q4,wear2 Q4,0.869
OE-739367-851679,test,0,0.869,test,100.0,-2.0,-2.0,0.0,0,315.0,1.0,39441,,,,interval Q5,coverage Q1,wear1 Q2,wear2 Q2,0.869
OE-739368-851680,test,0,0.869,test,100.0,-2.0,-2.0,0.0,0,315.0,1.0,39441,,,,interval Q5,coverage Q1,wear1 Q2,wear2 Q2,0.869
OE-908447-919165,test,0,0.8685,test,10.0,0.0,0.0,100.0,0,315.0,1.0,39096,BZAE,1.0,1.0,interval Q2,coverage Q5,wear1 Q5,wear2 Q5,0.8685
OE-781040-888687,test,0,0.8677,test,92.0,-1.0,-1.0,94.5652,0,315.0,1.0,37801,BIAE,5.0,18.0,interval Q5,coverage Q4,wear1 Q2,wear2 Q2,0.8677
OE-739369-851681,test,0,0.8669,test,100.0,-2.0,-2.0,0.0,0,315.0,1.0,39441,,,,interval Q5,coverage Q1,wear1 Q2,wear2 Q2,0.8669
OE-939996-992253,test,1,0.1336,test,41.0,-14.05,-15.2,0.0,0,315.0,1.0,39389,,9.0,33.0,interval Q3,coverage Q1,wear1 Q1,wear2 Q1,0.8664
OE-979833-1073258,test,1,0.1342,test,85.0,-2.8,-2.6,75.2941,0,315.0,1.0,39419,KJMD,13.0,53.0,interval Q4,coverage Q4,wear1 Q1,wear2 Q1,0.8658
OE-781039-888686,test,0,0.8655,test,92.0,-1.0,-1.0,94.5652,0,315.0,1.0,37801,BIAE,5.0,18.0,interval Q5,coverage Q4,wear1 Q2,wear2 Q2,0.8655
OE-767676-871822,test,0,0.8653,test,90.0,-1.0,-1.0,100.0,0,315.0,1.0,30557,HWHE ,2.0,8.0,interval Q5,coverage Q5,wear1 Q2,wear2 Q2,0.8653
OE-934539-1019120,test,0,0.8651,test,77.0,0.0,0.0,100.0,0,315.0,0.0,30487,HWHE ,7.0,26.0,interval Q4,coverage Q5,wear1 Q5,wear2 Q5,0.8651
OE-916145-994076,test,0,0.865,test,72.0,0.0,0.0,98.6111,0,315.0,0.0,30605,BZAE,10.0,41.0,interval Q4,coverage Q4,wear1 Q5,wear2 Q5,0.865
OE-917825-1040034,test,0,0.8646,test,101.0,-2.0,-2.0,99.0099,0,315.0,1.0,30227,LDHE ,9.0,36.0,interval Q5,coverage Q4,wear1 Q2,wear2 Q2,0.8646
OE-781042-888689,test,0,0.8643,test,92.0,-2.0,-2.0,94.5652,0,315.0,1.0,37801,BIAE,5.0,18.0,interval Q5,coverage Q4,wear1 Q2,wear2 Q2,0.8643
OE-1146164-1245015,test,0,0.864,test,95.0,0.0,0.0,0.0,0,315.0,1.0,39118,LGDE,9.0,33.0,interval Q5,coverage Q3,wear1 Q5,wear2 Q5,0.864
OE-1052331-1088248,test,1,0.1364,test,32.0,-13.5,-14.29,0.0,0,315.0,1.0,37573,SPJD ,15.0,61.0,interval Q3,coverage Q2,wear1 Q1,wear2 Q1,0.8636
OE-1037436-1138712,test,0,0.8623,test,70.0,1.0,1.0,12.8571,0,315.0,1.0,37388,KJMD,13.0,51.0,interval Q4,coverage Q3,wear1 Q5,wear2 Q5,0.8623
OE-1217964-1222326,test,1,0.1385,test,2.0,-11.0,-10.6,0.0,1,0.0,1.0,30795,HWHE ,10.0,38.0,interval Q1,coverage Q1,wear1 Q1,wear2 Q1,0.8615
OE-745922-837262,test,0,0.8608,test,81.0,-2.0,-2.0,0.0,0,315.0,1.0,39453,,,,interval Q4,coverage Q1,wear1 Q2,wear2 Q2,0.8608
OE-993737-1019954,test,0,0.8603,test,24.0,0.0,0.0,100.0,0,315.0,1.0,39176,BZAE,11.0,46.0,interval Q3,coverage Q5,wear1 Q5,wear2 Q5,0.8603
OE-889515-893028,test,0,0.859,test,4.0,0.0,0.0,100.0,0,315.0,0.0,39176,BZAE,3.0,13.0,interval Q1,coverage Q5,wear1 Q5,wear2 Q5,0.859
OE-939998-992255,test,1,0.141,test,41.0,-14.62,-14.78,0.0,0,315.0,1.0,39389,,9.0,33.0,interval Q3,coverage Q1,wear1 Q1,wear2 Q1,0.859
OE-1016170-1121214,test,0,0.8573,test,101.0,0.0,0.0,0.0,0,315.0,1.0,39552,,,,interval Q5,coverage Q3,wear1 Q5,wear2 Q5,0.8573
OE-1019894-1051612,test,0,0.8567,test,29.0,0.0,0.0,89.6552,0,315.0,0.0,30605,BZAE,10.0,38.0,interval Q3,coverage Q4,wear1 Q5,wear2 Q5,0.8567
OE-1005681-1116859,test,0,0.8562,test,108.0,-2.0,-2.0,35.1852,0,315.0,1.0,37455,HWHE ,5.0,18.0,interval Q5,coverage Q3,wear1 Q2,wear2 Q2,0.8562
OE-800176-847476,test,0,0.8561,test,40.0,0.0,0.0,0.0,0,315.0,1.0,39423,,,,interval Q3,coverage Q1,wear1 Q4,wear2 Q4,0.8561
OE-994994-1013288,test,0,0.8538,test,17.0,0.0,0.0,100.0,0,315.0,0.0,30612,BZAE,16.0,63.0,interval Q2,coverage Q5,wear1 Q5,wear2 Q5,0.8538
OE-660018-668831,test,0,0.8535,test,8.0,0.0,0.0,0.0,0,315.0,1.0,37744,,,,interval Q1,coverage Q1,wear1 Q4,wear2 Q4,0.8535
OE-1107403-1123407,test,0,0.8534,test,17.0,0.0,0.0,0.0,0,315.0,1.0,37882,SGUD,3.0,11.0,interval Q2,coverage Q2,wear1 Q5,wear2 Q5,0.8534
OE-1040849-1143664,test,1,0.1467,test,98.0,-5.4,-5.3,9.1837,0,315.0,1.0,39427,KJMD,13.0,53.0,interval Q5,coverage Q3,wear1 Q1,wear2 Q1,0.8533
OE-1019891-1051609,test,0,0.853,test,29.0,0.0,0.0,89.6552,0,315.0,0.0,30605,BZAE,10.0,38.0,interval Q3,coverage Q4,wear1 Q5,wear2 Q5,0.853
OE-660019-668832,test,0,0.8527,test,8.0,0.0,0.0,0.0,0,315.0,1.0,37744,,,,interval Q1,coverage Q1,wear1 Q4,wear2 Q4,0.8527
OE-781041-888688,test,0,0.8521,test,92.0,-1.0,-1.0,94.5652,0,315.0,1.0,37801,BIAE,5.0,18.0,interval Q5,coverage Q4,wear1 Q2,wear2 Q2,0.8521
OE-998697-1005234,test,0,0.852,test,6.0,-0.55,-0.71,66.6667,0,315.0,1.0,37864,EDE,,,interval Q1,coverage Q3,wear1 Q2,wear2 Q2,0.852
OE-993734-1019951,test,0,0.8516,test,24.0,0.0,0.0,100.0,0,315.0,1.0,39176,BZAE,11.0,46.0,interval Q3,coverage Q5,wear1 Q5,wear2 Q5,0.8516
OE-745924-837264,test,0,0.8511,test,81.0,-2.0,-2.0,0.0,0,315.0,1.0,39453,,,,interval Q4,coverage Q1,wear1 Q2,wear2 Q2,0.8511
OE-745925-837265,test,0,0.8511,test,81.0,-2.0,-2.0,0.0,0,315.0,1.0,39453,,,,interval Q4,coverage Q1,wear1 Q2,wear2 Q2,0.8511
OE-781038-888685,test,0,0.8505,test,92.0,-1.0,-1.0,94.5652,0,315.0,1.0,37801,BIAE,5.0,18.0,interval Q5,coverage Q4,wear1 Q2,wear2 Q2,0.8505
OE-745926-837266,test,0,0.8504,test,81.0,-2.0,-2.0,0.0,0,315.0,1.0,39453,,,,interval Q4,coverage Q1,wear1 Q2,wear2 Q2,0.8504
OE-979832-1073257,test,1,0.1502,test,85.0,-1.8,-2.1,75.2941,0,315.0,1.0,39419,KJMD,13.0,53.0,interval Q4,coverage Q4,wear1 Q2,wear2 Q1,0.8498
OE-592255-669197,test,0,0.8486,test,96.0,0.0,0.0,64.5833,0,315.0,1.0,37273,HWHE ,,,interval Q5,coverage Q3,wear1 Q3,wear2 Q3,0.8486
OE-853796-864778,test,0,0.8482,test,5.0,-1.0,-1.0,100.0,0,315.0,1.0,37753,WATE ,,,interval Q1,coverage Q5,wear1 Q2,wear2 Q2,0.8482
OE-807292-884839,test,0,0.8481,test,64.0,-1.0,-1.0,100.0,0,315.0,1.0,30227,LDHE ,9.0,36.0,interval Q4,coverage Q5,wear1 Q2,wear2 Q2,0.8481
OE-887818-973408,test,1,0.1521,test,80.0,-13.0,-12.0,87.5,0,315.0,1.0,37848,BGKD,5.0,19.0,interval Q4,coverage Q4,wear1 Q1,wear2 Q1,0.8479
OE-902633-1004534,test,1,0.1524,test,94.0,-4.0,-4.0,98.9362,0,315.0,1.0,37759,BGKD,10.0,39.0,interval Q5,coverage Q4,wear1 Q1,wear2 Q1,0.8476
OE-1077762-1177377,test,0,0.8475,test,103.0,-1.5,-2.0,0.0,0,315.0,0.0,37971,,1.0,1.0,interval Q5,coverage Q3,wear1 Q2,wear2 Q2,0.8475
OE-890581-918382,test,0,0.8465,test,27.0,0.0,0.0,0.0,0,315.0,1.0,37850,,,,interval Q3,coverage Q2,wear1 Q4,wear2 Q4,0.8465
OE-1168039-1220198,test,1,0.1535,test,53.0,-14.0,-13.0,0.0,0,315.0,1.0,30780,GMOE ,9.0,37.0,interval Q4,coverage Q1,wear1 Q1,wear2 Q1,0.8465
OE-753377-1052614,test,0,0.8464,test,268.0,51.76,52.57,86.194,0,315.0,1.0,30455,SDAD ,8.0,29.0,interval Q5,coverage Q4,wear1 Q5,wear2 Q5,0.8464
OE-1187716-1199332,test,0,0.846,test,12.0,0.0,0.0,0.0,0,315.0,1.0,39491,NGCD,,,interval Q2,coverage Q2,wear1 Q5,wear2 Q5,0.846
OE-1199332-1213538,test,0,0.846,test,14.0,0.0,0.0,0.0,0,315.0,1.0,39491,NGCD,,,interval Q2,coverage Q2,wear1 Q5,wear2 Q5,0.846
OE-899270-1006696,test,1,0.1542,test,101.0,-8.9,-9.0,98.0198,0,315.0,1.0,37649,KJMD,13.0,53.0,interval Q5,coverage Q4,wear1 Q1,wear2 Q1,0.8458
OE-890582-918383,test,0,0.8458,test,27.0,0.0,0.0,0.0,0,315.0,1.0,37850,,,,interval Q3,coverage Q2,wear1 Q4,wear2 Q4,0.8458
OE-826978-835833,test,0,0.8458,test,7.0,0.0,0.0,100.0,0,315.0,0.0,39155,BZAE,10.0,43.0,interval Q1,coverage Q5,wear1 Q5,wear2 Q5,0.8458
OE-1013289-1073181,test,0,0.8454,test,56.0,0.0,0.0,55.3571,0,315.0,0.0,30612,BZAE,16.0,63.0,interval Q4,coverage Q3,wear1 Q5,wear2 Q5,0.8454
OE-1013288-1073180,test,0,0.8454,test,56.0,0.0,0.0,55.3571,0,315.0,0.0,30612,BZAE,16.0,63.0,interval Q4,coverage Q3,wear1 Q5,wear2 Q5,0.8454
OE-1119692-1143897,test,0,0.8454,test,1.0,0.0,1.0,0.0,0,315.0,1.0,30221,LDHE ,7.0,26.0,interval Q1,coverage Q2,wear1 Q4,wear2 Q5,0.8454
OE-683406-774513,test,0,0.8444,test,89.0,-1.0,-1.0,77.5281,0,315.0,1.0,30523,HWHE ,4.0,16.0,interval Q4,coverage Q4,wear1 Q2,wear2 Q2,0.8444
OE-1019893-1051611,test,0,0.8442,test,29.0,0.0,0.0,89.6552,0,315.0,0.0,30605,BZAE,10.0,38.0,interval Q3,coverage Q4,wear1 Q5,wear2 Q5,0.8442
OE-947865-1028713,test,0,0.8429,test,75.0,-1.0,-1.0,100.0,0,315.0,1.0,39282,LDHE ,9.0,33.0,interval Q4,coverage Q5,wear1 Q2,wear2 Q2,0.8429
OE-879021-889510,test,0,0.8425,test,8.0,0.0,0.0,100.0,0,315.0,0.0,39176,BZAE,3.0,13.0,interval Q2,coverage Q5,wear1 Q5,wear2 Q5,0.8425
OE-1172619-1183408,test,0,0.8416,test,11.0,0.0,0.0,0.0,0,315.0,1.0,39587,,,,interval Q2,coverage Q3,wear1 Q5,wear2 Q5,0.8416
OE-887817-973407,test,1,0.1588,test,80.0,-12.0,-13.0,87.5,0,315.0,1.0,37848,BGKD,5.0,19.0,interval Q4,coverage Q4,wear1 Q1,wear2 Q1,0.8412
OE-1174177-1187715,test,0,0.841,test,15.0,0.0,0.0,0.0,0,315.0,1.0,39491,NGCD,,,interval Q2,coverage Q2,wear1 Q5,wear2 Q5,0.841
OE-829520-869214,test,0,0.8406,test,25.0,-2.6,-1.93,0.0,0,315.0,1.0,39416,,,,interval Q3,coverage Q1,wear1 Q1,wear2 Q2,0.8406
OE-1187714-1199330,test,0,0.8403,test,12.0,0.0,0.0,0.0,0,315.0,1.0,39491,NGCD,,,interval Q2,coverage Q2,wear1 Q5,wear2 Q5,0.8403
OE-1199330-1213536,test,0,0.8403,test,14.0,0.0,0.0,0.0,0,315.0,1.0,39491,NGCD,,,interval Q2,coverage Q2,wear1 Q5,wear2 Q5,0.8403
OE-818720-842351,test,1,0.1599,test,18.0,-14.0,-14.8,0.0,0,315.0,1.0,30365,GZBE ,5.0,18.0,interval Q2,coverage Q1,wear1 Q1,wear2 Q1,0.8401
OE-107150-110400,test,0,0.8401,test,92.0,-0.87,-0.68,0.0,0,315.0,-1.0,37352,,,,interval Q5,coverage Q1,wear1 Q2,wear2 Q2,0.8401
OE-1168040-1220199,test,1,0.1601,test,53.0,-13.0,-14.0,0.0,0,315.0,1.0,30780,GMOE ,9.0,37.0,interval Q4,coverage Q1,wear1 Q1,wear2 Q1,0.8399
OE-1107401-1123405,test,0,0.8395,test,17.0,0.0,0.0,0.0,0,315.0,1.0,37882,SGUD,3.0,11.0,interval Q2,coverage Q2,wear1 Q5,wear2 Q5,0.8395
OE-835833-844363,test,0,0.8387,test,6.0,0.0,0.0,100.0,0,315.0,0.0,39155,BZAE,10.0,38.0,interval Q1,coverage Q5,wear1 Q5,wear2 Q5,0.8387
OE-896925-915950,test,0,0.8386,test,18.0,0.0,0.0,100.0,0,315.0,0.0,39174,BZAE,10.0,40.0,interval Q2,coverage Q5,wear1 Q5,wear2 Q5,0.8386
OE-880380-884406,test,0,0.8386,test,6.0,0.0,0.0,100.0,0,315.0,1.0,39020,BZAE,5.0,18.0,interval Q1,coverage Q5,wear1 Q4,wear2 Q4,0.8386
OE-998901-1109124,test,0,0.8379,test,104.0,-1.0,-1.0,43.2692,0,315.0,1.0,30382,LDHE ,7.0,26.0,interval Q5,coverage Q3,wear1 Q2,wear2 Q2,0.8379
OE-992526-999014,test,0,0.8379,test,5.0,0.0,0.0,100.0,0,315.0,0.0,39020,BZAE,3.0,13.0,interval Q1,coverage Q5,wear1 Q4,wear2 Q4,0.8379
