operational_exposure_id,y_true,y_pred,residual,next_interval_end_timestamp,home_shed,wheel_profile_2class,turning_indicator_raw,days_since_turning,interval_days,rtis_reporting_coverage_pct,interval_distance_km,running_hours_proxy,wear_per_1000km_s1,exposure_index_s1,next_interval_turning_flag
OE-545347-610312,-11.0,45.72050530437886,-56.72050530437886,2024-11-26,,1.0,0,222.0,84.0,52.38095238095239,24684.28,,0.040511613058999495,13.819432112676052,0
OE-648929-640663,-21.0,35.26016069125652,-56.26016069125652,2025-01-28,,1.0,0,315.0,1.0,0.0,,,,,0
OE-1106192-1199943,-16.8599999999999,38.92423778945711,-55.78423778945701,2026-06-04,GZBE ,1.0,0,315.0,93.0,0.0,,386.16666666666663,,,0
OE-982461-1199815,-52.99000000000001,1.547282290972168,-54.53728229097218,2026-06-04,ETE,1.0,0,315.0,233.0,36.48068669527897,44471.71999999997,2161.133333333333,0.0,,0
OE-982459-1199813,-53.49000000000001,0.7239620919785,-54.21396209197851,2026-06-04,ETE,1.0,0,315.0,233.0,36.48068669527897,44471.71999999997,2161.133333333333,0.0,,0
OE-982460-1199814,-52.680000000000064,1.483260870093286,-54.16326087009335,2026-06-04,ETE,1.0,0,315.0,233.0,36.48068669527897,44471.71999999997,2161.133333333333,0.0,,0
OE-757778-829023,-73.0,-18.911378249449523,-54.08862175055047,2025-11-15,BNDL,0.0,0,315.0,67.0,85.07462686567165,30384.99,,0.0,,0
OE-715385-726993,-72.23000000000002,-18.193185626913422,-54.0368143730866,2025-08-23,,1.0,0,315.0,53.0,0.0,,,,,0
OE-564295-602113,-25.13000000000011,28.87910948128722,-54.009109481287325,2025-01-03,,0.0,0,315.0,56.0,94.64285714285714,36319.18999999997,,0.0,,0
OE-1166029-1201697,-62.539999999999964,-8.676097917452529,-53.86390208254743,2026-06-04,GZBE ,0.0,0,315.0,35.0,0.0,,479.98333333333335,,,0
OE-515782-595173,-45.5,8.239715501544154,-53.739715501544154,2024-11-16,,1.0,0,315.0,106.0,66.0377358490566,38334.630000000005,,0.026086074131927185,,0
OE-741534-741528,-64.94000000000005,-11.413720265244596,-53.52627973475546,2025-03-06,,1.0,0,315.0,90.0,67.77777777777779,46285.130000000005,,0.0,,0
OE-140963-287132,-21.870000000000005,31.644160308819796,-53.5141603088198,2024-11-16,,-1.0,0,315.0,190.0,54.736842105263165,82713.87,,0.3030930604504412,,0
OE-716356-715258,-38.0,15.276772386035507,-53.2767723860355,2025-08-15,AQE  ,1.0,0,315.0,1.0,100.0,1.0399999999790452,,,,0
OE-741533-741527,-64.75,-11.547132709349544,-53.20286729065046,2025-03-06,,1.0,0,315.0,90.0,67.77777777777779,46285.130000000005,,0.0,,0
OE-892872-896925,-54.549999999999955,-1.3721676081874739,-53.17783239181248,2025-10-01,BZAE,0.0,0,315.0,5.0,100.0,4960.630000000005,,0.0,,0
OE-715382-726990,-72.5,-19.33939271536814,-53.16060728463186,2025-08-23,,1.0,0,315.0,53.0,0.0,,,,,0
OE-418049-485878,-58.0,-4.86303759560734,-53.13696240439266,2025-03-11,,1.0,0,248.0,95.0,83.15789473684211,51616.380000000005,,0.038747389878949275,108.96379257142858,0
OE-1166030-1201698,-60.63000000000011,-7.50580364825653,-53.12419635174358,2026-06-04,GZBE ,0.0,0,315.0,35.0,0.0,,479.98333333333335,,,0
OE-738552-830459,-2.8999999999999773,50.224076605807475,-53.12407660580745,2025-11-15,KJMD,1.0,0,315.0,81.0,95.06172839506173,43858.41,,0.38761095078458413,,0
OE-715380-726988,-72.41000000000008,-19.3018640930996,-53.108135906900486,2025-08-23,,1.0,0,315.0,53.0,0.0,,,,,0
OE-695530-702465,-8.0,44.95599564642925,-52.95599564642925,2025-07-28,WATE ,1.0,0,315.0,8.0,87.5,4779.420000000013,,0.0,,0
OE-877120-907019,-67.0,-14.055634599342472,-52.94436540065753,2025-08-26,SGUD,1.0,0,315.0,29.0,100.0,5758.2300000000005,,0.0,,0
OE-982463-1199817,-47.66000000000008,5.147287467650473,-52.80728746765055,2026-06-04,ETE,1.0,0,315.0,233.0,36.48068669527897,44471.71999999997,2161.133333333333,0.0,,0
OE-720935-726384,-61.0,-8.22581748213339,-52.774182517866606,2025-08-23,,1.0,0,315.0,5.0,40.0,2.0599999999976717,,,,0
OE-1144384-1201944,-71.0,-18.277265331837057,-52.72273466816294,2026-06-04,,1.0,0,315.0,56.0,0.0,,0.0,,,0
OE-1132024-1202004,-68.91000000000008,-16.202292737604004,-52.70770726239608,2026-06-04,,1.0,0,315.0,66.0,0.0,,0.0,,,0
OE-605218-606300,-44.0,8.340744502583986,-52.34074450258399,2025-01-03,,1.0,0,315.0,1.0,0.0,,,,,0
OE-660015-668828,-69.0,-16.662117840044687,-52.33788215995531,2025-08-23,,1.0,0,315.0,8.0,0.0,,,,,0
OE-720932-726381,-58.0,-5.769496476025399,-52.230503523974605,2025-08-23,,1.0,0,315.0,5.0,40.0,2.0599999999976717,,,,0
OE-909036-1085332,-35.0,17.12791772583793,-52.12791772583793,2026-02-23,GMOE ,1.0,0,315.0,164.0,76.82926829268293,65978.83999999997,845.2166666666667,0.0,,0
OE-982464-1199818,-47.16000000000008,4.859659727092636,-52.019659727092716,2026-06-04,ETE,1.0,0,315.0,233.0,36.48068669527897,44471.71999999997,2161.133333333333,0.0,,0
OE-660020-668833,-68.0,-16.08503017358726,-51.914969826412744,2025-08-23,,1.0,0,315.0,8.0,0.0,,,,,0
OE-757776-829021,-73.09999999999991,-21.209265178888863,-51.890734821111046,2025-11-15,BNDL,0.0,0,315.0,67.0,85.07462686567165,30384.99,,0.0,,0
OE-664525-653245,-65.0,-13.11711188803012,-51.882888111969876,2025-03-06,,0.0,0,315.0,7.0,0.0,,,,,0
OE-1132023-1202003,-68.93000000000006,-17.105253209514398,-51.82474679048566,2026-06-04,,1.0,0,315.0,66.0,0.0,,0.0,,,0
OE-701097-727201,-67.0,-15.315488088472346,-51.68451191152765,2025-08-23,,1.0,0,315.0,90.0,15.555555555555555,7273.479999999981,,0.1374857702227823,,0
OE-701098-727202,-67.0,-15.315488088472346,-51.68451191152765,2025-08-23,,1.0,0,315.0,90.0,15.555555555555555,7273.479999999981,,0.1374857702227823,,0
OE-994892-1052330,-41.16999999999996,10.502786425683025,-51.672786425682986,2026-01-07,SPJD ,1.0,0,315.0,54.0,90.74074074074075,33296.53999999998,419.75,0.0,,0
OE-652332-653747,-62.0,-10.375274730202925,-51.624725269797075,2025-03-06,,1.0,0,315.0,6.0,66.66666666666666,1073.259999999951,,0.9317406779345597,,0
OE-503058-589590,-7.0,44.56706660840117,-51.56706660840117,2024-11-26,,1.0,0,315.0,114.0,77.19298245614034,55300.139999999985,,0.41591214778118113,,0
OE-950968-983481,-67.99000000000001,-16.455042918687017,-51.534957081312996,2025-12-08,BRCE,1.0,0,315.0,30.0,100.0,20820.98999999999,,0.0,,0
OE-652335-653750,-63.0,-11.516610067293843,-51.48338993270616,2025-03-06,,1.0,0,315.0,6.0,66.66666666666666,1073.259999999951,,0.0,,0
OE-530085-608843,-64.90000000000009,-13.423201501658024,-51.47679849834206,2025-03-21,,1.0,0,315.0,88.0,88.63636363636364,57816.51999999999,,0.01902570407212176,,0
OE-880618-885386,-68.91999999999996,-17.53073766537393,-51.389262334626025,2025-10-24,,0.0,0,315.0,5.0,100.0,4297.689999999999,,0.0,,0
OE-836250-861146,-70.54000000000008,-19.16099381025207,-51.37900618974801,2025-08-04,,0.0,0,315.0,21.0,0.0,,,,,0
OE-836251-861147,-70.92999999999995,-19.612920921213725,-51.31707907878622,2025-08-04,,0.0,0,315.0,21.0,0.0,,,,,0
OE-940218-985195,-59.25,-8.038497301989457,-51.21150269801054,2025-12-08,,0.0,0,315.0,41.0,0.0,,,,,0
OE-971868-982105,-71.75999999999999,-20.57053987290229,-51.1894601270977,2025-12-08,,1.0,0,315.0,10.0,0.0,,,,,0
OE-531147-579283,-34.700000000000045,16.387790582206804,-51.08779058220685,2024-10-30,,1.0,0,315.0,61.0,70.49180327868852,30817.399999999965,,0.3371471960645572,,0
OE-950969-983482,-65.5,-14.502323923928708,-50.99767607607129,2025-12-08,BRCE,1.0,0,315.0,30.0,100.0,20820.98999999999,,0.0,,0
OE-695531-702466,-8.0,42.958860794704634,-50.958860794704634,2025-07-28,WATE ,1.0,0,315.0,8.0,87.5,4779.420000000013,,0.0,,0
OE-474841-594515,-68.55999999999995,-17.67838386141497,-50.881616138584974,2024-12-04,,1.0,0,315.0,160.0,76.25,95218.48999999999,,0.4544285463884167,,0
OE-701099-727203,-67.0,-16.151353131788795,-50.848646868211205,2025-08-23,,1.0,0,315.0,90.0,15.555555555555555,7273.479999999981,,0.1374857702227823,,0
OE-836254-861150,-70.34000000000003,-19.780089496248227,-50.55991050375181,2025-08-04,,0.0,0,315.0,21.0,0.0,,,,,0
OE-757777-829022,-73.20000000000005,-22.690236972487188,-50.50976302751286,2025-11-15,BNDL,0.0,0,315.0,67.0,85.07462686567165,30384.99,,0.0,,0
OE-950966-983479,-56.799999999999955,-6.376947859817583,-50.42305214018237,2025-12-08,BRCE,1.0,0,315.0,30.0,100.0,20820.98999999999,,0.0,,0
OE-474842-594516,-69.17000000000007,-18.79602916593212,-50.373970834067954,2024-12-04,,1.0,0,315.0,160.0,76.25,95218.48999999999,,0.46083486516116895,,0
OE-809103-828802,-65.5,-15.262609443783637,-50.23739055621636,2025-11-15,RPME,1.0,0,315.0,15.0,40.0,1330.359999999986,,1.1275143570161579,,0
OE-1049589-1053824,-68.27999999999986,-18.042774601352292,-50.23722539864757,2026-01-07,SRCE,1.0,0,428.0,7.0,28.57142857142857,1653.75,114.98333333333329,0.0,230.26077,0
OE-823813-932183,-13.659999999999968,36.56630809278852,-50.226308092788486,2026-07-01,KYNE ,1.0,0,315.0,104.0,98.07692307692307,56371.159999999974,,0.06208848638204361,,0
OE-1141070-1201343,-46.08999999999992,4.120661196359475,-50.210661196359396,2026-06-04,BLEE,1.0,0,315.0,58.0,0.0,,694.1166666666666,,,0
OE-474843-594517,-69.1400000000001,-18.942766752890677,-50.19723324710942,2024-12-04,,1.0,0,315.0,160.0,76.25,95218.48999999999,,0.45873443277666,,0
OE-522352-654136,-66.0,-15.90968865786556,-50.09031134213444,2025-03-06,,0.0,0,315.0,173.0,68.20809248554913,71976.06,,0.0,,0
OE-522356-654140,-66.0,-15.912661035433922,-50.08733896456608,2025-03-06,,0.0,0,315.0,173.0,68.20809248554913,71976.06,,0.0,,0
OE-915946-930424,-63.0,-12.995272408137067,-50.00472759186293,2025-11-13,BZAE,0.0,0,315.0,12.0,100.0,11240.090000000026,,0.0,,0
OE-522353-654137,-66.0,-16.079828999386063,-49.920171000613934,2025-03-06,,0.0,0,315.0,173.0,68.20809248554913,71976.06,,0.0,,0
OE-652331-653746,-62.5,-12.631862365635454,-49.868137634364544,2025-03-06,,1.0,0,315.0,6.0,66.66666666666666,1073.259999999951,,0.46587033896727986,,0
OE-628092-653295,-64.0,-14.134581104232307,-49.86541889576769,2025-03-06,,1.0,0,315.0,35.0,31.428571428571427,9296.120000000003,,0.06454305667309683,,0
OE-474845-594519,-67.63000000000011,-17.767302339406367,-49.86269766059374,2024-12-04,,1.0,0,315.0,160.0,76.25,95218.48999999999,,0.5800344029820261,,0
OE-1037073-1053015,-65.38999999999999,-15.574246696244394,-49.81575330375559,2026-01-07,,1.0,0,315.0,15.0,0.0,,0.0,,,0
OE-907005-947074,-69.92999999999995,-20.131822359248535,-49.79817764075142,2025-12-31,SRCE,1.0,0,327.0,52.0,76.92307692307693,21358.619999999995,,0.0,137.86127000000002,0
OE-522351-654135,-66.0,-16.23770189300817,-49.762298106991835,2025-03-06,,0.0,0,315.0,173.0,68.20809248554913,71976.06,,0.0,,0
OE-678432-682565,-63.0,-13.377187062721662,-49.62281293727834,2025-07-26,,0.0,0,315.0,5.0,80.0,3305.1699999999837,,0.0,,0
OE-716355-715257,-38.0,11.529641025539377,-49.52964102553938,2025-08-15,AQE  ,1.0,0,315.0,1.0,100.0,1.0399999999790452,,,,0
OE-924357-930414,-70.59999999999991,-21.157114538955703,-49.442885461044206,2025-11-13,,1.0,0,315.0,4.0,100.0,,,,,0
OE-289115-290873,-36.51999999999998,12.842375060114911,-49.36237506011489,2023-09-27,,-1.0,0,315.0,6.0,16.666666666666664,0.029999999998835847,,,,0
OE-1029853-1034302,-22.450000000000045,26.86131283960091,-49.31131283960096,2026-03-07,KJMD,1.0,0,315.0,3.0,100.0,3.430000000022119,,,,0
OE-874559-945169,-35.92999999999995,13.315635855390354,-49.245635855390304,2025-12-31,KYNE ,1.0,0,315.0,64.0,98.4375,47132.869999999995,,0.0,,0
OE-476480-657015,-49.59999999999991,-0.35490522621821424,-49.245094773781695,2025-08-23,,1.0,0,315.0,233.0,36.9098712446352,40658.28,,0.30768640483562,,0
OE-982462-1199816,-46.17000000000007,3.0420247835738055,-49.21202478357388,2026-06-04,ETE,1.0,0,315.0,233.0,36.48068669527897,44471.71999999997,2161.133333333333,0.0,,0
OE-633552-673978,-43.0,6.190637011475095,-49.1906370114751,2025-03-06,,1.0,0,315.0,51.0,0.0,,,,,0
OE-1175144-1199498,-64.03999999999996,-14.872988272983465,-49.1670117270165,2026-06-04,,1.0,0,315.0,25.0,0.0,,0.0,,,0
OE-1080249-1176571,-44.74000000000001,4.291491295846384,-49.03149129584639,2026-05-12,KJMD,1.0,0,315.0,93.0,0.0,,1324.6166666666666,,,0
OE-530084-608842,-67.70000000000005,-18.845192239302275,-48.85480776069777,2025-03-21,,1.0,0,315.0,88.0,88.63636363636364,57816.51999999999,,0.005188828383305578,,0
OE-628087-653290,-63.0,-14.323183513557858,-48.67681648644214,2025-03-06,,1.0,0,315.0,35.0,31.428571428571427,9296.120000000003,,0.043028704448747526,,0
OE-1167931-1173298,-56.12000000000012,-7.453490582806573,-48.666509417193545,2026-06-18,,1.0,0,315.0,3.0,0.0,,1.0,,,0
OE-926998-943369,-61.5,-12.870993801015159,-48.62900619898484,2025-10-15,BZAE,0.0,0,315.0,9.0,88.88888888888889,3862.7999999999884,,1.5532774153463855,,0
OE-679835-695531,-8.0,40.602317614153904,-48.602317614153904,2025-11-15,WATE ,1.0,0,315.0,31.0,80.64516129032258,11786.419999999984,,0.0,,0
OE-938026-943493,-59.559999999999945,-10.984331364369835,-48.57566863563011,2025-09-25,,1.0,0,315.0,4.0,0.0,,,,,0
OE-741723-932452,-26.700000000000045,21.844236563115803,-48.544236563115845,2025-12-13,SPJD ,1.0,0,315.0,169.0,97.63313609467455,106674.28,,0.0,,0
OE-909040-1085336,-42.5,5.976464162299816,-48.47646416229982,2026-02-23,GMOE ,1.0,0,315.0,164.0,76.82926829268293,65978.83999999997,845.2166666666667,0.0,,0
OE-1141072-1201345,-40.11999999999989,8.339466992431822,-48.459466992431715,2026-06-04,BLEE,1.0,0,315.0,58.0,0.0,,694.1166666666666,,,0
OE-860308-944442,-69.92999999999995,-21.530486115088333,-48.39951388491161,2025-12-31,HWHE ,1.0,0,271.0,77.0,98.7012987012987,50196.74,,0.019921612439373553,94.07403251612902,0
OE-353134-355779,-18.75,29.613165590394306,-48.3631655903943,2024-02-15,,-1.0,1,0.0,1.0,0.0,,,,,0
OE-611325-657930,-67.0,-18.639694554333968,-48.36030544566603,2025-08-23,,1.0,0,1174.0,56.0,41.07142857142857,14017.359999999986,,0.0,328.0162460526316,0
OE-879405-882238,-57.1400000000001,-8.893376126192528,-48.24662387380757,2025-08-12,,1.0,0,315.0,1.0,0.0,,,,,0
OE-1086562-1174113,-39.33999999999992,8.89318537135727,-48.23318537135719,2026-05-12,LGDE,1.0,0,315.0,98.0,0.0,,1447.5500000000002,,,0
OE-920950-984260,-50.700000000000045,-2.513436739440024,-48.18656326056002,2025-12-08,AQE  ,1.0,0,315.0,59.0,96.61016949152543,43988.600000000035,,0.0,,0
OE-395997-420191,-77.66000000000008,-29.567022421171433,-48.09297757882865,2024-07-02,,0.0,0,73.0,25.0,96.0,16326.709999999992,,0.0,37.43081280764333,0
