operational_exposure_id,y_true,y_pred10,y_pred11,error10,error11,home_shed,wheel_profile_2class,interval_days,rtis_reporting_coverage_pct,turning_indicator_raw,days_since_turning
OE-684472-718273,1050.5,109.447,390.545,941.053,659.955,WATE ,1.0,39.0,56.41,0,315.0
OE-1044765-1060331,9.27,-5.075,293.487,14.345,284.217,ETE,1.0,10.0,30.0,0,315.0
OE-920194-1020305,4.86,0.237,274.912,4.623,270.052,GDDE,1.0,92.0,98.913,0,738.0
OE-696759-807080,-8.98,21.234,236.061,30.214,245.041,BGKD,0.0,103.0,75.728,0,315.0
OE-509793-570342,63.38,-42.861,-63.394,106.241,126.774,,0.0,80.0,71.25,0,315.0
OE-1147046-1241171,-0.3,-3.219,-104.86,2.919,104.56,HWHE ,1.0,92.0,0.0,0,315.0
OE-631549-631537,-10.1,-31.101,-107.747,21.001,97.647,,1.0,43.0,69.767,0,315.0
OE-631551-631539,-10.1,-13.798,-106.147,3.698,96.047,,1.0,43.0,69.767,0,315.0
OE-575050-645509,-31.48,4.8,48.06,36.28,79.54,,1.0,96.0,71.875,0,315.0
OE-849164-877232,19.5,-5.69,-47.511,25.19,67.011,WATE ,1.0,23.0,100.0,0,315.0
OE-982462-1199816,-46.17,2.335,14.744,48.505,60.914,ETE,1.0,233.0,36.481,0,315.0
OE-405921-477613,74.0,17.772,15.431,56.228,58.569,,0.0,104.0,75.0,0,315.0
OE-909036-1085332,-35.0,6.493,22.561,41.493,57.561,GMOE ,1.0,164.0,76.829,0,315.0
OE-605218-606300,-44.0,10.965,12.206,54.965,56.206,,1.0,1.0,0.0,0,315.0
OE-682723-883552,6.48,2.662,-49.65,3.818,56.13,BLEE,1.0,183.0,92.35,0,315.0
OE-648929-640663,-21.0,-0.614,34.815,20.386,55.815,,1.0,1.0,0.0,0,315.0
OE-654464-657119,-57.0,-0.42,-1.502,56.58,55.498,,1.0,1.0,100.0,0,315.0
OE-474845-594519,-67.63,-18.326,-12.256,49.304,55.374,,1.0,160.0,76.25,0,315.0
OE-546831-633048,35.4,-34.976,-18.793,70.376,54.193,,1.0,112.0,87.5,0,315.0
OE-140963-287132,-21.87,19.297,31.636,41.167,53.506,,-1.0,190.0,54.737,0,315.0
OE-545347-610312,-11.0,1.825,42.242,12.825,53.242,,1.0,84.0,52.381,0,222.0
OE-1144384-1201944,-71.0,0.004,-17.798,71.004,53.202,,1.0,56.0,0.0,0,315.0
OE-695531-702466,-8.0,0.989,45.021,8.989,53.021,WATE ,1.0,8.0,87.5,0,315.0
OE-1106192-1199943,-16.86,5.285,35.997,22.145,52.857,GZBE ,1.0,93.0,0.0,0,315.0
OE-886831-1172323,19.66,2.734,72.513,16.926,52.853,BRCE,0.0,257.0,57.198,0,315.0
OE-515782-595173,-45.5,5.099,7.346,50.599,52.846,,1.0,106.0,66.038,0,315.0
OE-564295-602113,-25.13,9.78,27.641,34.91,52.771,,0.0,56.0,94.643,0,315.0
OE-1108182-1147632,-2.0,-2.094,-54.733,0.094,52.733,LDHE ,1.0,38.0,0.0,0,315.0
OE-809103-828802,-65.5,4.852,-12.788,70.352,52.712,RPME,1.0,15.0,40.0,0,315.0
OE-757778-829023,-73.0,-11.275,-20.289,61.725,52.711,BNDL,0.0,67.0,85.075,0,315.0
OE-892872-896925,-54.55,-9.528,-1.9,45.022,52.65,BZAE,0.0,5.0,100.0,0,315.0
OE-695530-702465,-8.0,5.996,44.641,13.996,52.641,WATE ,1.0,8.0,87.5,0,315.0
OE-654463-657118,-56.0,6.289,-3.504,62.289,52.496,,1.0,1.0,100.0,0,315.0
OE-445054-657018,-63.32,3.87,-10.887,67.19,52.433,,1.0,278.0,44.245,0,315.0
OE-664525-653245,-65.0,-13.508,-12.606,51.492,52.394,,0.0,7.0,0.0,0,315.0
OE-836250-861146,-70.54,-3.421,-18.155,67.119,52.385,,0.0,21.0,0.0,0,315.0
OE-757777-829022,-73.2,-11.275,-20.841,61.925,52.359,BNDL,0.0,67.0,85.075,0,315.0
OE-931012-931030,-26.0,3.963,26.277,29.963,52.277,AQE  ,1.0,1.0,100.0,0,315.0
OE-971868-982105,-71.76,-1.829,-19.491,69.931,52.269,,1.0,10.0,0.0,0,315.0
OE-404306-463995,45.0,8.638,-7.144,36.362,52.144,,1.0,84.0,69.048,0,315.0
OE-836254-861150,-70.34,-3.421,-18.204,66.919,52.136,,0.0,21.0,0.0,0,315.0
OE-720935-726384,-61.0,3.815,-9.153,64.815,51.847,,1.0,5.0,40.0,0,315.0
OE-757776-829021,-73.1,-11.275,-21.361,61.825,51.739,BNDL,0.0,67.0,85.075,0,315.0
OE-745923-837263,2.78,-58.399,-48.926,61.179,51.706,,1.0,81.0,0.0,0,315.0
OE-715385-726993,-72.23,5.438,-20.568,77.668,51.662,,1.0,53.0,0.0,0,315.0
OE-745925-837265,2.78,-58.399,-48.829,61.179,51.609,,1.0,81.0,0.0,0,315.0
OE-745926-837266,2.78,-58.399,-48.829,61.179,51.609,,1.0,81.0,0.0,0,315.0
OE-1166029-1201697,-62.54,6.383,-11.007,68.923,51.533,GZBE ,0.0,35.0,0.0,0,315.0
OE-1166030-1201698,-60.63,6.232,-9.159,66.862,51.471,GZBE ,0.0,35.0,0.0,0,315.0
OE-836251-861147,-70.93,-3.421,-19.549,67.509,51.381,,0.0,21.0,0.0,0,315.0
OE-628091-653294,-64.5,-11.748,-13.143,52.752,51.357,,1.0,35.0,31.429,0,315.0
OE-353134-355779,-18.75,23.141,32.581,41.891,51.331,,-1.0,1.0,0.0,1,0.0
OE-1141072-1201345,-40.12,6.796,11.088,46.916,51.208,BLEE,1.0,58.0,0.0,0,315.0
OE-628092-653295,-64.0,-11.761,-12.911,52.239,51.089,,1.0,35.0,31.429,0,315.0
OE-476480-657015,-49.6,18.057,1.358,67.657,50.958,,1.0,233.0,36.91,0,315.0
OE-715380-726988,-72.41,5.666,-21.501,78.076,50.909,,1.0,53.0,0.0,0,315.0
OE-679836-695532,-9.0,-3.613,41.906,5.387,50.906,WATE ,1.0,31.0,80.645,0,315.0
OE-809099-828798,-65.0,5.2,-14.125,70.2,50.875,RPME,1.0,15.0,40.0,0,315.0
OE-633552-673978,-43.0,-0.601,7.807,42.399,50.807,,1.0,51.0,0.0,0,315.0
OE-880618-885386,-68.92,-15.474,-18.193,53.446,50.727,,0.0,5.0,100.0,0,315.0
OE-762197-863503,22.0,5.632,-28.641,16.368,50.641,KJMD,1.0,89.0,95.506,0,315.0
OE-1132024-1202004,-68.91,1.396,-18.293,70.306,50.617,,1.0,66.0,0.0,0,315.0
OE-628087-653290,-63.0,-11.468,-12.392,51.532,50.608,,1.0,35.0,31.429,0,315.0
OE-720932-726381,-58.0,7.485,-7.417,65.485,50.583,,1.0,5.0,40.0,0,315.0
OE-530085-608843,-64.9,-10.36,-14.323,54.54,50.577,,1.0,88.0,88.636,0,315.0
OE-639473-719249,-64.31,-37.322,-13.738,26.988,50.572,EDE,1.0,95.0,67.368,0,315.0
OE-715382-726990,-72.5,5.666,-21.962,78.166,50.538,,1.0,53.0,0.0,0,315.0
OE-1037073-1053015,-65.39,-0.082,-15.079,65.308,50.311,,1.0,15.0,0.0,0,315.0
OE-927640-938026,-70.0,-0.998,-19.713,69.002,50.287,,1.0,7.0,0.0,0,315.0
OE-926993-943364,-61.5,6.084,-11.213,67.584,50.287,BZAE,0.0,9.0,88.889,0,315.0
OE-628088-653291,-63.4,-11.748,-13.137,51.652,50.263,,1.0,35.0,31.429,0,315.0
OE-628089-653292,-63.4,-11.748,-13.154,51.652,50.246,,1.0,35.0,31.429,0,315.0
OE-679835-695531,-8.0,-3.628,42.182,4.372,50.182,WATE ,1.0,31.0,80.645,0,315.0
OE-450963-718067,-51.0,-48.306,-0.907,2.694,50.093,KYNE ,0.0,340.0,80.294,0,315.0
OE-652335-653750,-63.0,11.467,-12.907,74.467,50.093,,1.0,6.0,66.667,0,315.0
OE-660015-668828,-69.0,-22.137,-18.921,46.863,50.079,,1.0,8.0,0.0,0,315.0
OE-395997-420191,-77.66,-16.852,-27.655,60.808,50.005,,0.0,25.0,96.0,0,73.0
OE-877120-907019,-67.0,12.801,-17.101,79.801,49.899,SGUD,1.0,29.0,100.0,0,315.0
OE-915946-930424,-63.0,-6.744,-13.207,56.256,49.793,BZAE,0.0,12.0,100.0,0,315.0
OE-652331-653746,-62.5,11.434,-12.763,73.934,49.737,,1.0,6.0,66.667,0,315.0
OE-787520-861320,-58.45,-8.816,-8.729,49.634,49.721,BRCE,0.0,62.0,64.516,0,315.0
OE-133506-140849,-5.35,21.83,44.308,27.18,49.658,,-1.0,34.0,0.0,0,315.0
OE-450960-718064,-49.0,-47.794,0.583,1.206,49.583,KYNE ,0.0,340.0,80.294,0,315.0
OE-1132023-1202003,-68.93,1.806,-19.542,70.736,49.388,,1.0,66.0,0.0,0,315.0
OE-738008-744108,9.61,-8.635,-39.706,18.245,49.316,TATE,1.0,4.0,100.0,0,315.0
OE-639468-719244,-62.3,-19.856,-13.065,42.444,49.235,EDE,1.0,95.0,67.368,0,315.0
OE-982461-1199815,-52.99,0.27,-3.834,53.26,49.156,ETE,1.0,233.0,36.481,0,315.0
OE-1175144-1199498,-64.04,5.035,-14.936,69.075,49.104,,1.0,25.0,0.0,0,315.0
OE-1018324-1034346,-55.0,4.223,-5.918,59.223,49.082,WATE ,1.0,14.0,0.0,0,315.0
OE-652332-653747,-62.0,11.153,-12.979,73.153,49.021,,1.0,6.0,66.667,0,315.0
OE-895182-913056,-66.58,-11.842,-17.598,54.738,48.982,WATE ,1.0,17.0,100.0,0,315.0
OE-716356-715258,-38.0,5.814,10.923,43.814,48.923,AQE  ,1.0,1.0,100.0,0,315.0
OE-611327-657932,-67.0,0.959,-18.086,67.959,48.914,,1.0,56.0,41.071,0,1270.0
OE-639153-660986,-5.97,-19.973,-54.883,14.003,48.913,,1.0,1.0,0.0,0,315.0
OE-474842-594516,-69.17,-16.28,-20.297,52.89,48.873,,1.0,160.0,76.25,0,315.0
OE-907005-947074,-69.93,-2.508,-21.061,67.422,48.869,SRCE,1.0,52.0,76.923,0,327.0
OE-503058-589590,-7.0,20.96,41.776,27.96,48.776,,1.0,114.0,77.193,0,315.0
OE-820913-826974,-42.0,-6.252,6.767,35.748,48.767,BZAE,0.0,33.0,100.0,0,315.0
OE-926998-943369,-61.5,3.82,-12.78,65.32,48.72,BZAE,0.0,9.0,88.889,0,315.0
OE-877246-909723,-47.75,7.401,0.962,55.151,48.712,WATE ,1.0,28.0,100.0,0,315.0
